Workbook

Sheet Assumptions
A1: Win-back program — assumptions (edit the yellow cells; everything else recalculates)
A3: Eligible pool (lapsed, opted-in) | B3: 5057 | C3: customers | D3: A/B design: last order 120-540 days ago, marketing opted-in
A4: Baseline (control) 60-day reactivation rate | B4: 0.0506 | C4: share | D4: A/B control arm; history-measured natural rate is 5.8%
A5: Email cost per send | B5: 0.05 | C5: USD | D5: Platform + ops
A6: Average margin per order (win-back customers) | B6: 40.34 | C6: USD | D6: Source: A/B economics output
A7: Campaign waves per year | B7: 4 | C7: waves | D7: Assumption: quarterly refreshes of the lapsed pool
A8: Scenario lift - conservative | B8: 0.2273 | C8: relative | D8: Lower bound of the 95% CI of the A/B relative lift
A9: Scenario lift - base | B9: 0.4916 | C9: relative | D9: Observed relative lift in the A/B test
A10: Scenario lift - optimistic | B10: 0.7559 | C10: relative | D10: Upper bound of the 95% CI of the A/B relative lift

Sheet Scenarios
A1: Scenarios (annual) — all cells are live formulas off Assumptions
A3: Metric | B3: Conservative | C3: Base | D3: Optimistic
A4: Relative lift (assumption) | B4: =Assumptions!$B$8 | C4: =Assumptions!$B$9 | D4: =Assumptions!$B$10
A5: Baseline (control) 60-day reactivation rate | B5: =Assumptions!$B$4 | C5: =Assumptions!$B$4 | D5: =Assumptions!$B$4
A6: Treatment 60-day reactivation rate | B6: =B5*(1+B4) | C6: =C5*(1+C4) | D6: =D5*(1+D4)
A7: Incremental reactivations per wave | B7: =Assumptions!$B$3*(B6-B5) | C7: =Assumptions!$B$3*(C6-C5) | D7: =Assumptions!$B$3*(D6-D5)
A8: Incremental gross margin per wave | B8: =B7*Assumptions!$B$6 | C8: =C7*Assumptions!$B$6 | D8: =D7*Assumptions!$B$6
A9: Program cost per wave (sends x cost) | B9: =Assumptions!$B$3*Assumptions!$B$5 | C9: =Assumptions!$B$3*Assumptions!$B$5 | D9: =Assumptions!$B$3*Assumptions!$B$5
A10: Net benefit per wave | B10: =B8-B9 | C10: =C8-C9 | D10: =D8-D9
A11: Annual gross margin | B11: =B8*Assumptions!$B$7 | C11: =C8*Assumptions!$B$7 | D11: =D8*Assumptions!$B$7
A12: Annual program cost | B12: =B9*Assumptions!$B$7 | C12: =C9*Assumptions!$B$7 | D12: =D9*Assumptions!$B$7
A13: Annual net benefit | B13: =B10*Assumptions!$B$7 | C13: =C10*Assumptions!$B$7 | D13: =D10*Assumptions!$B$7
A14: Annual ROI on program cost | B14: =B13/B12 | C14: =C13/C12 | D14: =D13/D12

Sheet Sensitivity
A1: Annual net benefit = Assumptions!$B$3 x natural x lift x margin x Assumptions!$B$7 - Assumptions!$B$3 x cost x Assumptions!$B$7
A3: Lift \ Margin per order | B3: 30 | C3: 35 | D3: 40 | E3: 45 | F3: 50
A4: 0.1 | B4: =Assumptions!$B$3*Assumptions!$B$4*$A4*B$3*Assumptions!$B$7-Assumptions!$B$3*Assumptions!$B$5*Assumptions!$B$7 | C4: =Assumptions!$B$3*Assumptions!$B$4*$A4*C$3*Assumptions!$B$7-Assumptions!$B$3*Assumptions!$B$5*Assumptions!$B$7 | D4: =Assumptions!$B$3*Assumptions!$B$4*$A4*D$3*Assumptions!$B$7-Assumptions!$B$3*Assumptions!$B$5*Assumptions!$B$7 | E4: =Assumptions!$B$3*Assumptions!$B$4*$A4*E$3*Assumptions!$B$7-Assumptions!$B$3*Assumptions!$B$5*Assumptions!$B$7 | F4: =Assumptions!$B$3*Assumptions!$B$4*$A4*F$3*Assumptions!$B$7-Assumptions!$B$3*Assumptions!$B$5*Assumptions!$B$7
A5: 0.2 | B5: =Assumptions!$B$3*Assumptions!$B$4*$A5*B$3*Assumptions!$B$7-Assumptions!$B$3*Assumptions!$B$5*Assumptions!$B$7 | C5: =Assumptions!$B$3*Assumptions!$B$4*$A5*C$3*Assumptions!$B$7-Assumptions!$B$3*Assumptions!$B$5*Assumptions!$B$7 | D5: =Assumptions!$B$3*Assumptions!$B$4*$A5*D$3*Assumptions!$B$7-Assumptions!$B$3*Assumptions!$B$5*Assumptions!$B$7 | E5: =Assumptions!$B$3*Assumptions!$B$4*$A5*E$3*Assumptions!$B$7-Assumptions!$B$3*Assumptions!$B$5*Assumptions!$B$7 | F5: =Assumptions!$B$3*Assumptions!$B$4*$A5*F$3*Assumptions!$B$7-Assumptions!$B$3*Assumptions!$B$5*Assumptions!$B$7
A6: 0.3 | B6: =Assumptions!$B$3*Assumptions!$B$4*$A6*B$3*Assumptions!$B$7-Assumptions!$B$3*Assumptions!$B$5*Assumptions!$B$7 | C6: =Assumptions!$B$3*Assumptions!$B$4*$A6*C$3*Assumptions!$B$7-Assumptions!$B$3*Assumptions!$B$5*Assumptions!$B$7 | D6: =Assumptions!$B$3*Assumptions!$B$4*$A6*D$3*Assumptions!$B$7-Assumptions!$B$3*Assumptions!$B$5*Assumptions!$B$7 | E6: =Assumptions!$B$3*Assumptions!$B$4*$A6*E$3*Assumptions!$B$7-Assumptions!$B$3*Assumptions!$B$5*Assumptions!$B$7 | F6: =Assumptions!$B$3*Assumptions!$B$4*$A6*F$3*Assumptions!$B$7-Assumptions!$B$3*Assumptions!$B$5*Assumptions!$B$7
A7: 0.4 | B7: =Assumptions!$B$3*Assumptions!$B$4*$A7*B$3*Assumptions!$B$7-Assumptions!$B$3*Assumptions!$B$5*Assumptions!$B$7 | C7: =Assumptions!$B$3*Assumptions!$B$4*$A7*C$3*Assumptions!$B$7-Assumptions!$B$3*Assumptions!$B$5*Assumptions!$B$7 | D7: =Assumptions!$B$3*Assumptions!$B$4*$A7*D$3*Assumptions!$B$7-Assumptions!$B$3*Assumptions!$B$5*Assumptions!$B$7 | E7: =Assumptions!$B$3*Assumptions!$B$4*$A7*E$3*Assumptions!$B$7-Assumptions!$B$3*Assumptions!$B$5*Assumptions!$B$7 | F7: =Assumptions!$B$3*Assumptions!$B$4*$A7*F$3*Assumptions!$B$7-Assumptions!$B$3*Assumptions!$B$5*Assumptions!$B$7
A8: 0.5 | B8: =Assumptions!$B$3*Assumptions!$B$4*$A8*B$3*Assumptions!$B$7-Assumptions!$B$3*Assumptions!$B$5*Assumptions!$B$7 | C8: =Assumptions!$B$3*Assumptions!$B$4*$A8*C$3*Assumptions!$B$7-Assumptions!$B$3*Assumptions!$B$5*Assumptions!$B$7 | D8: =Assumptions!$B$3*Assumptions!$B$4*$A8*D$3*Assumptions!$B$7-Assumptions!$B$3*Assumptions!$B$5*Assumptions!$B$7 | E8: =Assumptions!$B$3*Assumptions!$B$4*$A8*E$3*Assumptions!$B$7-Assumptions!$B$3*Assumptions!$B$5*Assumptions!$B$7 | F8: =Assumptions!$B$3*Assumptions!$B$4*$A8*F$3*Assumptions!$B$7-Assumptions!$B$3*Assumptions!$B$5*Assumptions!$B$7
A9: 0.6 | B9: =Assumptions!$B$3*Assumptions!$B$4*$A9*B$3*Assumptions!$B$7-Assumptions!$B$3*Assumptions!$B$5*Assumptions!$B$7 | C9: =Assumptions!$B$3*Assumptions!$B$4*$A9*C$3*Assumptions!$B$7-Assumptions!$B$3*Assumptions!$B$5*Assumptions!$B$7 | D9: =Assumptions!$B$3*Assumptions!$B$4*$A9*D$3*Assumptions!$B$7-Assumptions!$B$3*Assumptions!$B$5*Assumptions!$B$7 | E9: =Assumptions!$B$3*Assumptions!$B$4*$A9*E$3*Assumptions!$B$7-Assumptions!$B$3*Assumptions!$B$5*Assumptions!$B$7 | F9: =Assumptions!$B$3*Assumptions!$B$4*$A9*F$3*Assumptions!$B$7-Assumptions!$B$3*Assumptions!$B$5*Assumptions!$B$7
A10: 0.7 | B10: =Assumptions!$B$3*Assumptions!$B$4*$A10*B$3*Assumptions!$B$7-Assumptions!$B$3*Assumptions!$B$5*Assumptions!$B$7 | C10: =Assumptions!$B$3*Assumptions!$B$4*$A10*C$3*Assumptions!$B$7-Assumptions!$B$3*Assumptions!$B$5*Assumptions!$B$7 | D10: =Assumptions!$B$3*Assumptions!$B$4*$A10*D$3*Assumptions!$B$7-Assumptions!$B$3*Assumptions!$B$5*Assumptions!$B$7 | E10: =Assumptions!$B$3*Assumptions!$B$4*$A10*E$3*Assumptions!$B$7-Assumptions!$B$3*Assumptions!$B$5*Assumptions!$B$7 | F10: =Assumptions!$B$3*Assumptions!$B$4*$A10*F$3*Assumptions!$B$7-Assumptions!$B$3*Assumptions!$B$5*Assumptions!$B$7

Sheet Cashflow
A1: Base-case cash flow by month (waves start months 1, 4, 7, 10; margin books 2 months after send)
A3: Month | B3: Wave? | C3: Emails sent | D3: Cost | E3: Reactivated orders | F3: Gross margin | G3: Net | H3: Cumulative net
A4: 1 | B4: YES | C4: =IF(B4="YES",Assumptions!$B$3,0) | D4: =C4*Assumptions!$B$5 | E4: =IF(B4="YES",Assumptions!$B$3*Assumptions!$B$4*Assumptions!$B$9,0) | F4: =0 | G4: =F4-D4 | H4: =0+G4
A5: 2 | C5: =IF(B5="YES",Assumptions!$B$3,0) | D5: =C5*Assumptions!$B$5 | E5: =IF(B5="YES",Assumptions!$B$3*Assumptions!$B$4*Assumptions!$B$9,0) | F5: =0 | G5: =F5-D5 | H5: =H4+G5
A6: 3 | C6: =IF(B6="YES",Assumptions!$B$3,0) | D6: =C6*Assumptions!$B$5 | E6: =IF(B6="YES",Assumptions!$B$3*Assumptions!$B$4*Assumptions!$B$9,0) | F6: =IF(B4="YES",E4*Assumptions!$B$6,0) | G6: =F6-D6 | H6: =H5+G6
A7: 4 | B7: YES | C7: =IF(B7="YES",Assumptions!$B$3,0) | D7: =C7*Assumptions!$B$5 | E7: =IF(B7="YES",Assumptions!$B$3*Assumptions!$B$4*Assumptions!$B$9,0) | F7: =IF(B5="YES",E5*Assumptions!$B$6,0) | G7: =F7-D7 | H7: =H6+G7
A8: 5 | C8: =IF(B8="YES",Assumptions!$B$3,0) | D8: =C8*Assumptions!$B$5 | E8: =IF(B8="YES",Assumptions!$B$3*Assumptions!$B$4*Assumptions!$B$9,0) | F8: =IF(B6="YES",E6*Assumptions!$B$6,0) | G8: =F8-D8 | H8: =H7+G8
A9: 6 | C9: =IF(B9="YES",Assumptions!$B$3,0) | D9: =C9*Assumptions!$B$5 | E9: =IF(B9="YES",Assumptions!$B$3*Assumptions!$B$4*Assumptions!$B$9,0) | F9: =IF(B7="YES",E7*Assumptions!$B$6,0) | G9: =F9-D9 | H9: =H8+G9
A10: 7 | B10: YES | C10: =IF(B10="YES",Assumptions!$B$3,0) | D10: =C10*Assumptions!$B$5 | E10: =IF(B10="YES",Assumptions!$B$3*Assumptions!$B$4*Assumptions!$B$9,0) | F10: =IF(B8="YES",E8*Assumptions!$B$6,0) | G10: =F10-D10 | H10: =H9+G10
A11: 8 | C11: =IF(B11="YES",Assumptions!$B$3,0) | D11: =C11*Assumptions!$B$5 | E11: =IF(B11="YES",Assumptions!$B$3*Assumptions!$B$4*Assumptions!$B$9,0) | F11: =IF(B9="YES",E9*Assumptions!$B$6,0) | G11: =F11-D11 | H11: =H10+G11
A12: 9 | C12: =IF(B12="YES",Assumptions!$B$3,0) | D12: =C12*Assumptions!$B$5 | E12: =IF(B12="YES",Assumptions!$B$3*Assumptions!$B$4*Assumptions!$B$9,0) | F12: =IF(B10="YES",E10*Assumptions!$B$6,0) | G12: =F12-D12 | H12: =H11+G12
A13: 10 | B13: YES | C13: =IF(B13="YES",Assumptions!$B$3,0) | D13: =C13*Assumptions!$B$5 | E13: =IF(B13="YES",Assumptions!$B$3*Assumptions!$B$4*Assumptions!$B$9,0) | F13: =IF(B11="YES",E11*Assumptions!$B$6,0) | G13: =F13-D13 | H13: =H12+G13
A14: 11 | C14: =IF(B14="YES",Assumptions!$B$3,0) | D14: =C14*Assumptions!$B$5 | E14: =IF(B14="YES",Assumptions!$B$3*Assumptions!$B$4*Assumptions!$B$9,0) | F14: =IF(B12="YES",E12*Assumptions!$B$6,0) | G14: =F14-D14 | H14: =H13+G14
A15: 12 | C15: =IF(B15="YES",Assumptions!$B$3,0) | D15: =C15*Assumptions!$B$5 | E15: =IF(B15="YES",Assumptions!$B$3*Assumptions!$B$4*Assumptions!$B$9,0) | F15: =IF(B13="YES",E13*Assumptions!$B$6,0) | G15: =F15-D15 | H15: =H14+G15
A17: Payback: first month with cumulative net > 0 | E17: =MATCH(TRUE,INDEX(H4:H15>0,0),0)
